ifa,age,fnlwgt,logfnl,education_num,capital_gain,capital_loss,hours_per_week,income_label,gender_label
4a,53,234721,5.370551947,7,0,0,40,0,0
22a,54,302146,5.480216849,9,0,0,20,0,1
25a,59,109015,5.037486259,9,0,0,40,0,1
26a,56,216851,5.336161429,13,0,0,40,1,0
28a,54,180211,5.255781297,10,0,0,60,1,0
42a,53,88506,4.946972713,13,0,0,40,0,0
46a,57,337895,5.528781765,13,0,0,40,1,0
68a,53,169846,5.230055323,9,0,0,40,1,1
84a,59,159937,5.203948946,9,0,0,48,0,0
86a,53,346253,5.539393545,9,0,0,35,0,1
91a,57,249977,5.397900052,11,0,0,40,0,0
113a,56,335605,5.525828423,9,0,1887,50,1,0
116a,53,95647,4.980671353,5,0,0,50,0,0
117a,56,303090,5.481571608,10,0,0,50,0,0
119a,55,247552,5.393666439,10,0,0,56,0,0
188a,53,135105,5.130671422,13,0,0,50,0,1
190a,58,109567,5.039679771,16,0,0,1,1,0
209a,58,210563,5.32338206,9,15024,0,35,1,1
215a,54,125417,5.098356408,4,0,0,40,1,0
224a,54,176681,5.247189849,9,0,0,20,0,0
225a,53,140359,5.147240265,1,0,0,35,0,1
246a,56,203580,5.30873511,9,0,0,35,0,0
247a,58,236596,5.374007398,9,0,0,45,1,0
253a,59,171328,5.233828345,6,0,0,30,0,1
255a,58,259014,5.413323239,10,0,0,20,0,0
286a,57,425161,5.62855342,14,15024,0,40,1,0
329a,58,321171,5.506736324,9,0,0,40,0,0
334a,55,98545,4.993634594,6,0,0,40,0,0
335a,53,242606,5.384901537,9,0,0,40,0,0
349a,56,101128,5.004871418,12,0,0,25,0,0
355a,59,372020,5.570566288,13,0,0,40,1,0
367a,56,183081,5.262643276,10,0,0,45,0,0
369a,57,212448,5.327252647,13,0,0,45,1,1
381a,54,174319,5.241344726,9,0,0,40,0,0
462a,54,288825,5.460634782,9,0,0,40,0,0
488a,59,286967,5.457831958,9,0,0,45,0,0
504a,58,180980,5.257630584,10,0,0,42,0,1
512a,53,251804,5.401062625,3,0,0,30,0,1
516a,57,222216,5.346775326,11,0,0,38,0,1
537a,57,190942,5.280901467,2,0,0,30,0,1
547a,58,51662,4.713171215,6,0,0,8,0,1
562a,54,212960,5.328298038,13,0,0,35,1,0
579a,58,283635,5.452759821,13,0,0,40,0,1
582a,57,69884,4.844377755,9,0,0,40,1,0
583a,59,199713,5.300406335,9,0,0,40,0,0
590a,57,103948,5.016816138,13,0,0,80,0,0
592a,55,105138,5.021759711,9,0,0,40,0,1
635a,58,35723,4.552947924,9,0,0,60,0,0
649a,58,158611,5.200333303,9,0,0,50,0,0
680a,58,204021,5.309674872,9,0,0,50,0,0
691a,54,113000,5.053078443,10,0,0,40,0,0
732a,55,173093,5.238279505,10,0,0,40,0,1
739a,56,156052,5.193269339,9,594,0,20,0,1
742a,55,200939,5.303064237,9,0,0,72,0,0
747a,55,197422,5.295395547,9,7688,0,40,1,0
753a,58,87510,4.942057684,6,0,0,40,0,0
757a,54,285854,5.456144274,9,0,0,40,1,0
762a,59,420537,5.623804212,9,0,0,38,1,1
764a,53,128272,5.108131866,16,0,0,70,1,0
775a,55,116442,5.066109656,9,0,0,38,0,0
780a,54,279129,5.44580496,10,0,0,40,0,0
789a,59,192130,5.283595183,9,0,0,16,0,0
818a,56,186556,5.270809221,10,0,0,50,1,0
826a,57,34269,4.534901432,9,0,653,42,1,0
832a,53,194259,5.288381149,10,4386,0,40,1,1
836a,55,105304,5.022444868,9,0,0,40,0,0
845a,55,387569,5.588349032,9,4386,0,40,1,0
858a,59,142182,5.152844619,9,0,0,40,1,0
875a,55,282753,5.451407221,3,0,0,25,0,0
889a,54,406468,5.609026361,9,0,0,40,0,0
910a,53,68898,4.838206615,10,0,0,40,0,0
913a,53,311020,5.492788317,6,0,0,60,0,0
946a,54,166398,5.221148102,10,0,0,35,0,1
968a,55,189721,5.278115405,9,0,0,20,0,0
996a,56,112840,5.052463077,9,0,0,55,1,0
1006a,58,356067,5.551531725,13,0,0,40,0,0
1009a,54,123011,5.089943949,9,15024,0,52,1,0
1026a,56,169133,5.228228352,9,0,0,50,0,0
1052a,53,263925,5.42148053,13,0,0,40,1,0
1063a,54,377701,5.577148135,9,0,0,32,0,0
1083a,58,81642,4.911913635,9,0,0,60,0,0
1119a,58,205267,5.312319135,13,0,0,40,1,1
1120a,53,288020,5.459422646,13,0,0,40,0,0
1143a,59,212448,5.327252647,9,0,0,40,0,1
1145a,56,200235,5.301539992,10,0,0,60,0,0
1164a,54,96062,4.982551624,12,0,0,40,1,0
1176a,58,169982,5.230402935,10,0,0,40,1,0
1187a,59,43280,4.636287252,10,0,0,40,0,1
1198a,59,151616,5.180745035,14,0,0,55,0,0
1214a,54,99185,4.996445998,16,15024,0,45,1,0
1223a,53,22154,4.345452151,10,0,0,40,0,0
1224a,55,176317,5.246294188,9,0,0,40,0,1
1242a,55,326297,5.513613081,9,0,0,25,0,1
1247a,54,166459,5.221307281,15,99999,0,60,1,0
1258a,57,141326,5.150222067,9,0,0,50,1,0
1262a,53,89534,4.951987987,9,0,0,48,1,0
1288a,57,182062,5.260219309,6,0,0,40,0,0
1291a,58,178660,5.25202733,8,0,0,40,0,0
1303a,58,186791,5.271355947,10,0,0,40,1,1
1324a,55,121912,5.086046456,10,0,0,24,1,0
1334a,57,265099,5.42340809,15,0,0,60,0,0
1342a,57,89392,4.951298654,14,0,0,40,0,1
1344a,59,105363,5.022688128,9,0,0,40,0,0
1355a,58,132606,5.122563175,3,0,0,40,0,0
1368a,53,225339,5.352836363,10,0,0,40,0,1
1378a,54,449257,5.652494853,9,0,0,40,0,0
1393a,59,226922,5.355876603,9,0,1762,30,0,1
1397a,54,398212,5.600114343,9,5013,0,40,0,0
1398a,54,114758,5.059782971,14,0,0,50,0,0
1402a,55,325007,5.511892715,12,0,0,25,0,0
1414a,53,34368,4.53615426,10,0,0,45,1,0
1425a,53,130703,5.116285556,9,0,0,40,0,0
1430a,57,173796,5.240039777,9,0,1887,40,1,0
1432a,59,296253,5.471662757,9,0,0,40,0,1
1436a,58,183870,5.264510876,6,0,0,40,0,1
1445a,56,145574,5.163083815,9,0,1902,60,1,0
1456a,56,311249,5.493107965,9,0,0,38,0,1
1482a,58,255822,5.40793789,11,0,0,40,1,0
1483a,53,263925,5.42148053,9,99999,0,40,1,0
1489a,57,278763,5.44523513,9,0,0,40,0,1
1494a,53,156877,5.195559276,9,15024,0,35,1,0
1507a,58,48433,4.685141371,9,0,0,40,0,0
1515a,59,125000,5.096910013,13,0,0,40,1,0
1518a,59,284834,5.454591829,13,2885,0,30,0,1
1544a,59,165695,5.219309403,10,0,0,40,0,0
1553a,56,117148,5.068734879,4,0,0,40,0,1
1594a,55,98361,4.992822935,14,15024,0,50,1,0
1602a,57,68830,4.83777777,9,0,0,50,0,1
1604a,57,236944,5.374645716,9,0,0,40,1,0
1611a,58,211547,5.325406871,8,0,0,52,0,1
1614a,54,53833,4.731048583,9,0,0,40,1,0
1636a,57,175942,5.245369524,10,0,0,50,1,0
1640a,54,206369,5.31464446,9,5178,0,50,1,0
1645a,55,52888,4.723357144,15,0,0,10,0,1
1650a,59,143372,5.156464344,6,0,0,40,0,1
1660a,55,179715,5.254584327,6,0,0,18,0,0
1689a,53,117496,5.070023082,5,0,0,36,0,1
1694a,53,281590,5.449617228,9,15024,0,40,1,1
1700a,54,177927,5.250241856,14,0,0,60,0,0
1707a,56,187487,5.27297116,9,0,0,48,1,0
1727a,55,199067,5.298999272,9,0,0,40,1,0
1740a,57,52267,4.718227573,9,0,0,72,0,0
1755a,53,196328,5.292982242,9,0,0,45,1,0
1778a,59,147707,5.169401078,9,0,2339,40,0,0
1807a,59,183606,5.263886869,7,0,0,40,0,0
1811a,57,114495,5.058786521,9,0,0,60,0,0
1835a,56,261232,5.417026375,9,0,0,40,0,0
1837a,58,312131,5.494336904,14,0,0,40,0,0
1845a,53,121618,5.084997857,4,0,0,40,0,0
1930a,57,195176,5.290426413,14,0,0,80,0,0
1942a,56,31782,4.502181223,6,0,0,40,0,0
1947a,57,176079,5.245707563,14,0,0,40,0,1
1969a,55,189933,5.278600428,6,0,0,40,0,0
1981a,53,260106,5.41515037,15,0,0,50,0,1
1987a,54,138852,5.14255214,10,0,0,45,1,0
2007a,57,185072,5.267340718,10,0,0,40,0,1
2018a,57,370890,5.569245124,9,0,2258,40,0,0
2045a,53,274528,5.438586646,13,0,0,70,0,0
2048a,53,166368,5.221069796,10,0,0,40,0,0
2052a,53,302868,5.48125339,13,0,0,50,1,0
2081a,59,120617,5.081408522,9,0,0,40,0,1
2098a,56,160829,5.206364362,9,0,0,46,0,1
2109a,58,160586,5.20570768,9,0,0,40,0,0
2114a,57,103809,5.016235007,9,0,0,40,0,1
2141a,54,169785,5.229899319,14,0,0,38,0,1
2143a,56,242670,5.38501609,10,0,0,40,0,1
2148a,58,187487,5.27297116,9,0,0,40,0,0
2159a,57,119253,5.076469313,14,15024,0,65,1,0
2170a,59,151977,5.181777867,6,0,0,30,0,1
2180a,54,179704,5.254557744,13,0,0,45,1,0
2203a,55,227158,5.356328036,13,0,0,40,0,1
2220a,53,227602,5.357176074,9,0,0,37,0,1
2222a,57,39380,4.595275712,9,0,0,35,0,1
2231a,59,174056,5.240688999,13,15024,0,40,1,0
2242a,54,101017,5.004394467,4,0,0,40,0,0
2247a,58,164065,5.215015943,14,0,0,18,0,0
2295a,56,143030,5.155427139,9,0,0,40,0,1
2309a,53,149784,5.175465424,13,7688,0,40,1,0
2311a,56,128764,5.109794459,4,0,0,20,0,0
2316a,58,131608,5.119282289,10,0,0,40,0,0
2318a,58,190541,5.27998844,9,0,0,47,0,0
2329a,56,77415,4.888825118,7,0,0,50,0,0
2331a,53,173093,5.238279505,10,0,1887,40,1,1
2374a,57,205708,5.313251182,10,0,0,40,0,0
2375a,55,67450,4.828981954,16,0,0,40,0,0
2378a,54,181132,5.257995182,9,0,0,40,1,0
2386a,56,211804,5.325934158,13,15024,0,50,1,0
2397a,53,156843,5.195465141,14,0,1564,54,1,1
2404a,57,346963,5.540283164,13,0,0,40,1,0
2405a,54,183611,5.263898696,10,3137,0,50,0,0
2417a,55,59469,4.774290636,5,0,0,25,0,0
2427a,55,124137,5.093901246,15,0,2415,35,1,0
2443a,54,137678,5.138864549,10,0,0,40,0,1
2480a,55,66356,4.821880198,9,0,0,40,0,0
2488a,55,145214,5.162008488,9,0,0,40,0,1
2490a,54,240542,5.381190918,10,0,0,48,0,1
2499a,57,206206,5.314301298,13,0,0,40,1,0
2506a,57,73309,4.865157295,9,0,0,55,1,0
2508a,59,104216,5.0179344,15,0,0,25,0,0
2522a,54,169785,5.229899319,14,0,0,40,0,1
2544a,54,175912,5.245295466,9,914,0,40,0,0
2549a,59,100776,5.003357116,11,0,0,40,0,1
2557a,55,320835,5.50628174,13,0,0,50,1,0
2559a,58,110517,5.043429087,16,4064,0,40,0,0
2564a,54,175083,5.24324398,9,0,0,20,0,1
2567a,53,181317,5.258438525,9,0,0,40,0,0
2570a,56,105582,5.023589884,10,7688,0,50,1,0
2571a,54,124993,5.096885692,9,0,0,40,1,0
2574a,56,117881,5.071443811,7,0,0,40,0,1
2585a,57,348430,5.542115541,2,0,0,40,0,0
2602a,56,162137,5.209882133,9,0,0,40,0,0
2630a,54,182854,5.262104465,9,0,0,45,0,0
2634a,55,141807,5.151697669,13,0,0,60,1,0
2647a,55,161334,5.207725902,9,0,0,25,0,1
2682a,55,255364,5.407159672,10,0,0,40,0,0
2688a,55,146326,5.165321501,14,7688,0,45,1,0
2701a,56,157486,5.197241952,6,0,0,40,0,0
2703a,56,101338,5.005772329,13,0,0,40,0,0
2731a,54,96710,4.985471383,9,0,0,20,0,1
2738a,58,205896,5.31364791,9,0,0,40,0,1
2747a,57,296152,5.47151467,10,594,0,10,0,1
2752a,55,205527,5.312868883,9,0,0,20,0,0
2753a,53,174102,5.24080376,4,4386,0,50,1,0
2761a,56,656036,5.816927672,9,0,0,25,0,0
2775a,55,144071,5.158576571,13,0,0,18,1,0
2781a,59,90290,4.955639653,10,0,0,34,0,0
2786a,54,178251,5.251031975,12,0,0,30,0,1
2792a,55,92215,4.964801571,9,0,0,40,0,1
2811a,53,152652,5.183702499,10,0,0,50,0,0
2812a,53,104413,5.018754574,9,0,0,20,0,1
2829a,54,175804,5.245028752,13,0,0,40,1,0
2833a,57,353808,5.548767649,10,0,0,60,1,0
2834a,58,349910,5.543956354,15,0,1977,50,1,0
2853a,54,32778,4.515582451,9,0,0,30,0,1
2868a,56,385632,5.586173065,4,0,0,40,0,1
2878a,56,250873,5.399453923,7,0,0,45,0,0
2883a,53,196328,5.292982242,13,0,0,40,0,0
2893a,56,193130,5.28584974,15,0,0,16,0,0
2906a,53,358056,5.553950956,7,0,0,40,0,1
2910a,55,183869,5.264508514,15,0,0,50,1,0
2923a,56,170148,5.230826849,9,0,0,40,0,0
2956a,53,103931,5.016745106,10,0,0,40,0,0
2975a,53,90624,4.957243227,7,0,0,40,0,0
2984a,55,149168,5.173675667,9,0,0,30,0,0
3002a,55,189528,5.27767338,4,0,0,60,0,0
3018a,55,270859,5.432743271,13,0,0,40,1,0
3022a,57,98350,4.992774364,15,0,1902,40,1,0
3047a,54,220115,5.342649639,10,0,0,30,0,0
3049a,53,279129,5.44580496,10,0,0,30,0,0
3051a,57,172654,5.237176644,15,15024,0,50,1,0
3057a,59,361494,5.558101093,9,0,0,40,1,0
3121a,54,197481,5.295525318,10,0,0,40,0,1
3126a,55,153484,5.186063109,14,0,1977,50,1,0
3150a,55,189933,5.278600428,9,0,0,45,0,0
3154a,56,130454,5.1154574,13,0,0,40,1,0
3159a,59,62020,4.792531762,9,0,0,40,0,0
3160a,58,235624,5.372219524,11,0,0,40,1,0
3164a,53,110510,5.043401579,9,0,0,50,1,1
3167a,53,211654,5.325626481,10,0,0,50,1,0
3179a,58,197665,5.295929777,9,0,0,45,0,1
3185a,54,93415,4.970416618,13,0,0,40,1,1
3189a,59,374924,5.573943242,9,0,0,40,0,1
3210a,59,99131,4.996209487,9,0,0,18,0,1
3218a,59,160631,5.205829363,13,0,0,60,1,0
3220a,59,283005,5.451794109,7,0,0,40,0,1
3222a,53,135102,5.130661778,9,0,2002,45,0,0
3225a,57,225334,5.352826726,15,15024,0,35,1,1
3227a,58,310085,5.491480758,6,0,0,40,0,0
3233a,56,236731,5.374255133,2,0,0,25,0,0
3276a,58,241056,5.382117946,10,0,0,46,0,1
3279a,59,31840,4.502973059,9,0,0,40,1,0
3302a,53,200576,5.302278966,7,0,0,40,0,1
3308a,58,111169,5.045983699,9,0,0,40,0,1
3312a,56,155449,5.191587933,13,0,0,50,0,0
3325a,59,294395,5.46893043,14,0,0,40,0,1
3330a,59,114032,5.057026741,13,0,0,40,0,1
3336a,53,197492,5.295549508,9,0,0,40,0,1
3342a,57,268252,5.428542969,9,0,0,62,0,1
3361a,57,42959,4.633054163,13,0,0,40,1,1
3400a,53,374588,5.573553861,9,0,0,60,0,0
3402a,58,78141,4.892878965,9,0,0,40,1,0
3428a,54,457237,5.660141367,14,0,0,40,0,0
3435a,53,99476,4.997718314,9,0,0,38,0,1
3439a,53,154785,5.189728872,9,0,0,50,1,0
3445a,59,208395,5.318887295,14,0,0,50,0,0
3448a,56,174351,5.241424443,8,0,0,40,0,0
3462a,55,198385,5.297508832,4,0,0,20,0,1
3481a,59,146391,5.165514377,11,7298,0,40,1,0
3486a,55,349304,5.543203559,13,0,0,40,1,0
3511a,55,276229,5.441269271,9,0,0,38,0,1
3520a,55,52953,4.72389057,9,0,0,40,0,1
3522a,59,115389,5.06216441,10,0,0,36,0,0
3548a,57,180920,5.257486579,6,0,0,43,0,0
3553a,56,192869,5.285262429,14,0,1977,44,1,0
3563a,56,56331,4.750747461,9,0,0,32,0,0
3565a,57,149168,5.173675667,10,0,0,55,0,0
3568a,57,257200,5.410270964,9,0,0,40,0,0
3572a,58,519006,5.715172379,9,0,0,52,0,0
3578a,53,50048,4.699386727,16,7688,0,50,1,0
3588a,54,143865,5.15795515,9,0,0,35,0,1
3595a,59,154236,5.188185754,9,7688,0,40,1,1
3601a,53,209022,5.320191999,7,0,0,37,0,1
3648a,53,166386,5.221116781,13,0,0,40,0,1
3661a,55,234213,5.369610997,9,0,0,60,0,0
3662a,57,145189,5.161933714,10,0,0,40,0,1
3678a,53,181755,5.259486367,14,0,0,35,1,1
3700a,58,140363,5.147252642,9,3325,0,30,0,0
3701a,53,123429,5.09141721,10,0,0,60,1,0
3724a,54,175339,5.243878525,9,0,0,50,1,0
3750a,56,318450,5.503041253,14,0,0,80,1,0
3762a,57,170244,5.231071815,15,0,0,40,0,1
3766a,55,171780,5.234972598,12,0,0,30,0,1
3793a,53,117847,5.071318531,12,0,0,40,0,0
3796a,53,137428,5.138075226,4,0,0,60,1,0
3801a,54,135840,5.133027673,6,0,0,45,0,0
3823a,54,32385,4.510343901,9,0,0,30,0,1
3831a,57,74156,4.870146296,9,0,0,30,0,0
3843a,55,189985,5.278719313,10,0,0,40,0,1
3867a,54,22743,4.356847751,10,15024,0,60,1,0
3881a,54,127455,5.105356877,10,0,0,48,1,0
3890a,53,225768,5.353662386,11,0,0,40,1,0
3895a,54,33863,4.529725431,9,0,0,40,1,0
3897a,57,141459,5.150630584,10,0,0,40,0,1
3901a,53,104501,5.019120446,13,0,1902,55,1,0
3906a,56,201822,5.304968506,4,0,2002,40,0,0
3907a,53,549341,5.739842014,13,0,0,35,0,0
3924a,57,108426,5.035133436,9,0,0,48,0,0
3928a,53,201127,5.303470376,14,0,0,48,1,0
3935a,53,103950,5.016824494,14,0,0,40,0,1
3970a,59,117751,5.070964604,12,0,0,8,0,0
3981a,55,106707,5.02819291,12,0,0,20,1,0
3997a,54,198186,5.297072972,9,0,0,38,0,1
4010a,59,236426,5.373695235,12,0,0,50,0,1
4028a,57,47857,4.679945471,10,0,0,50,0,0
4044a,57,109973,5.041286073,9,0,0,40,0,1
4065a,58,104333,5.018421695,9,0,0,50,0,0
4078a,59,160362,5.205101464,9,0,0,60,0,0
4084a,59,80467,4.90561781,9,0,0,24,0,1
4097a,59,67841,4.831492241,9,0,0,40,1,0
4102a,57,188330,5.274919506,9,0,0,78,0,0
4121a,54,306985,5.487117155,10,0,0,40,0,1
4127a,56,222182,5.346708872,9,0,0,45,0,0
4134a,55,147098,5.167606768,9,0,0,50,1,0
4171a,54,104748,5.02014574,6,0,0,65,0,0
4177a,54,137691,5.138905554,9,0,0,40,1,0
4203a,59,193895,5.28756661,9,0,0,40,0,1
4204a,55,163083,5.212408692,13,14084,0,45,1,0
4213a,54,187221,5.272354561,4,0,0,25,0,1
4216a,53,158352,5.199623553,14,8614,0,35,1,1
4233a,54,174865,5.242702892,5,0,0,45,1,0
4279a,59,656036,5.816927672,13,0,0,60,0,0
4286a,59,168569,5.22677771,9,0,1887,40,1,0
4308a,54,133403,5.125165596,10,0,0,40,0,0
4310a,58,142158,5.152771305,9,0,0,12,0,1
4316a,56,275943,5.440819382,10,0,0,40,0,0
4346a,56,115422,5.062288595,9,0,0,35,0,0
4347a,54,100933,5.004033182,9,0,0,40,0,1
4350a,53,114758,5.059782971,14,15024,0,65,1,0
4355a,53,199720,5.300421557,16,15024,0,60,1,0
4387a,53,174040,5.240649075,10,0,0,40,0,0
4398a,54,282680,5.451295083,13,0,0,50,0,1
4419a,54,146409,5.165567774,10,0,0,40,0,1
4422a,53,88842,4.948618327,9,99999,0,40,1,0
4423a,56,128900,5.110252917,10,0,0,40,0,1
4429a,58,218281,5.339015935,13,0,0,40,0,0
4431a,53,335481,5.525667929,9,0,0,32,0,1
4438a,56,132930,5.123623005,14,0,0,50,1,1
4446a,57,52267,4.718227573,14,0,0,50,1,0
4450a,56,184553,5.266121109,6,0,0,56,0,0
4476a,53,143822,5.157825324,14,0,0,36,1,0
4485a,59,370615,5.568922993,9,0,0,60,0,1
4487a,55,120970,5.082677681,6,0,0,40,1,0
4524a,57,148509,5.171752774,13,0,0,35,0,0
4525a,56,136413,5.13485576,2,0,0,40,0,0
4540a,57,32694,4.514468058,14,0,0,50,1,0
4550a,53,424079,5.627446767,14,15024,0,55,1,0
4566a,55,80445,4.905499056,13,0,0,40,0,0
4571a,58,233193,5.36771551,9,0,0,27,0,1
4582a,57,188872,5.276167579,3,6497,0,40,0,0
4585a,54,206964,5.315894809,10,0,0,40,1,0
4598a,55,50164,4.700392159,16,0,0,60,1,0
4601a,53,79324,4.899404606,9,0,0,40,1,0
4628a,58,198478,5.297712375,4,0,0,24,0,0
4633a,59,107833,5.032751688,6,0,1485,40,1,0
4642a,58,93664,4.971572701,9,15024,0,60,1,0
4644a,59,381851,5.581893932,5,0,0,40,0,1
4658a,53,113995,5.056885803,13,0,0,45,1,0
4692a,56,231232,5.364047936,13,0,0,30,0,0
4693a,55,168625,5.226921963,10,0,0,12,1,1
4700a,59,227386,5.356763722,6,0,0,40,0,0
4731a,55,219775,5.341978289,9,0,0,38,0,1
4744a,55,110871,5.044817965,13,0,0,40,0,0
4761a,54,200098,5.301242748,13,0,0,60,0,1
4794a,58,188982,5.276420441,9,0,0,20,1,0
4800a,59,161944,5.209364862,13,0,0,38,0,0
4814a,59,252714,5.402629302,9,0,0,30,0,0
4820a,56,191917,5.283113446,12,4101,0,40,0,1
4832a,56,398067,5.599956176,9,0,0,40,0,1
4833a,53,29658,4.472141861,9,0,0,40,1,0
4837a,57,97837,4.990503127,10,0,0,48,1,0
4858a,57,101338,5.005772329,13,0,0,20,0,0
4868a,58,190747,5.280457716,9,0,0,40,0,0
4904a,54,86837,4.938704811,9,0,1902,40,1,0
4910a,55,177163,5.248373026,14,914,0,50,0,1
4975a,56,282023,5.450284528,15,0,0,45,1,0
4978a,55,414994,5.618041818,9,0,0,40,0,0
5000a,58,54947,4.739943986,10,0,0,55,0,1
5002a,55,151474,5.180338094,13,0,1590,38,0,1
5015a,56,119859,5.07867065,10,0,0,40,1,0
5026a,57,282913,5.451652904,9,0,0,40,0,0
5027a,59,196013,5.292284876,13,0,0,40,1,0
5036a,55,84774,4.928262676,9,0,0,30,0,1
5039a,55,211678,5.325675724,11,0,0,45,0,0
5041a,53,144586,5.160126243,10,0,0,40,0,1
5045a,55,31905,4.503858749,14,0,1977,40,1,0
5054a,57,118481,5.073648711,13,0,1902,40,1,0
5080a,53,127671,5.10609226,4,0,0,40,0,0
5090a,53,121441,5.084365335,10,0,0,55,0,0
5104a,54,212165,5.326673742,9,0,0,60,0,0
5107a,57,109638,5.039961105,10,0,1672,45,0,0
5114a,59,243612,5.386698677,9,0,0,40,0,1
5128a,55,26290,4.419790586,11,0,0,38,0,1
5134a,57,44273,4.646138951,9,0,0,40,0,1
5142a,58,204021,5.309674872,9,0,0,40,0,0
5144a,57,372967,5.571670407,6,0,0,70,0,1
5156a,54,278230,5.444403956,10,10520,0,30,1,1
5169a,58,49884,4.697961271,9,0,0,50,0,0
5208a,53,220640,5.343684249,13,0,0,20,0,1
5223a,54,392502,5.593841874,10,0,0,40,1,0
5233a,57,323309,5.509617794,4,0,0,40,0,0
5245a,58,142182,5.152844619,9,0,0,25,0,0
5268a,57,20953,4.321246213,10,0,1902,40,1,0
5270a,59,43221,4.635694811,5,0,0,60,1,0
5283a,54,165278,5.218215049,10,0,0,40,1,0
5300a,53,34973,4.543732888,10,0,0,45,0,0
5302a,57,319733,5.504787463,13,0,0,40,1,0
5327a,59,194290,5.288450448,9,0,0,48,0,0
5331a,58,137547,5.138451123,13,0,0,40,0,0
5332a,53,276515,5.441718695,13,0,0,40,0,0
5360a,54,138845,5.142530245,10,0,0,40,0,1
5375a,55,157079,5.196118128,10,0,0,40,1,0
5380a,59,179594,5.254291823,9,0,0,40,0,0
5406a,57,183810,5.264369135,10,0,0,40,1,0
5419a,59,43221,4.635694811,10,0,0,43,1,0
5430a,53,283602,5.452709289,13,13550,0,43,1,1
5434a,56,81954,4.913570155,9,0,0,40,0,1
5452a,56,28729,4.458320509,7,0,0,40,0,1
5457a,55,189664,5.277984906,9,0,0,40,1,0
5464a,53,169182,5.228354155,6,0,0,40,0,1
5475a,54,182388,5.260996261,9,0,0,35,0,1
5489a,56,142182,5.152844619,11,0,0,45,1,0
5493a,55,193895,5.28756661,9,0,0,40,0,1
5498a,53,276868,5.442272764,14,0,0,40,1,0
5500a,56,175127,5.243353108,9,0,0,35,0,0
5514a,55,231738,5.364997254,9,0,0,40,0,1
5537a,54,186884,5.271572121,10,0,0,30,0,0
5549a,57,199114,5.299101797,6,0,0,30,0,0
5555a,58,127264,5.104705569,6,0,0,50,0,0
5556a,57,257200,5.410270964,10,0,0,40,1,0
5575a,54,205337,5.312467213,13,0,0,50,1,0
5576a,58,54566,4.736922119,10,0,0,35,0,0
5578a,59,116442,5.066109656,10,0,0,50,0,0
5586a,55,81865,4.913098266,11,0,0,40,0,1
5589a,57,159028,5.201473597,15,99999,0,60,1,0
5603a,59,348430,5.542115541,13,0,1902,43,1,0
5606a,55,123382,5.091251806,11,0,0,35,0,1
5609a,57,329792,5.518240116,4,0,0,75,0,0
5613a,53,53197,4.725887141,16,0,0,50,1,0
5626a,54,105010,5.021230658,13,0,0,40,1,0
5632a,56,174744,5.242402273,9,0,0,40,0,0
5643a,57,138892,5.142677232,7,0,0,15,0,0
5653a,56,188166,5.274541153,9,0,0,40,0,0
5661a,56,192869,5.285262429,9,0,0,40,1,0
5664a,53,228723,5.359309839,9,0,0,40,1,0
5667a,54,43269,4.636176858,9,0,0,50,1,0
5683a,55,160662,5.205913169,16,0,0,80,1,0
5686a,53,106176,5.02602636,14,7298,0,60,1,0
5692a,59,380357,5.580191413,13,0,0,40,0,0
5702a,56,286487,5.45710492,9,2885,0,45,0,0
5748a,56,172618,5.23708608,13,7688,0,40,1,0
5756a,56,182460,5.261167671,9,0,0,40,1,0
5758a,57,102058,5.008847053,14,0,0,40,1,0
5765a,54,88278,4.945852485,16,0,1977,50,1,0
5775a,58,92141,4.964452921,12,0,0,40,0,1
5814a,53,266529,5.42574447,11,0,0,40,1,0
5822a,53,157069,5.196090479,12,0,0,40,1,0
5828a,54,115912,5.064128399,10,0,0,40,0,0
5835a,58,209423,5.321024377,2,0,0,38,0,0
5875a,59,108496,5.035413727,10,2907,0,40,0,0
5884a,58,231818,5.365147155,6,0,0,40,0,0
5910a,55,124975,5.096823145,9,27828,0,55,1,0
5920a,57,365683,5.563104771,9,0,0,40,1,1
5926a,57,437281,5.640760608,10,0,0,38,1,0
5941a,53,152373,5.182908018,10,0,0,48,1,0
5948a,56,258752,5.412883715,13,0,0,60,0,0
5959a,59,359292,5.555447547,2,0,0,40,0,0
5972a,53,97411,4.988608002,3,0,0,40,0,0
5986a,58,119558,5.077578641,9,0,0,50,1,0
5987a,56,108276,5.034532203,13,0,0,40,0,1
6021a,57,190554,5.28001807,6,0,0,60,1,0
6031a,55,158315,5.199522065,9,0,0,50,1,0
6040a,55,103654,5.015586066,9,0,0,20,0,1
6052a,56,131608,5.119282289,9,0,0,10,0,0
6059a,56,193818,5.287394108,5,0,0,40,0,0
6072a,57,286836,5.457633658,6,0,0,8,0,0
6074a,58,44246,4.645874015,5,0,0,40,0,0
6075a,55,169611,5.229454015,7,0,0,40,0,1
6086a,56,229525,5.360829996,5,0,0,40,0,0
6092a,55,319733,5.504787463,9,0,0,40,0,0
6093a,55,176012,5.245542278,5,0,0,23,0,1
6098a,59,50223,4.700902651,9,0,0,40,0,0
6099a,58,117477,5.069952847,9,0,0,36,0,1
6101a,54,118108,5.072279315,9,0,0,40,0,0
6105a,57,210496,5.323243847,6,0,0,40,0,1
6111a,54,339667,5.531053355,9,0,0,41,0,0
6115a,57,140319,5.147116481,9,0,0,50,0,0
6117a,56,204816,5.31136388,10,0,0,40,1,0
6120a,58,175127,5.243353108,8,0,0,40,0,0
6124a,56,87584,4.942424776,9,0,0,40,0,1
6128a,58,109015,5.037486259,10,0,0,40,0,1
6142a,54,172281,5.236237384,9,0,2051,50,0,0
6143a,59,197290,5.295105073,5,0,0,40,0,0
6145a,57,562558,5.750167305,9,0,0,40,0,1
6147a,53,157881,5.198329869,10,0,0,60,0,0
6148a,58,204816,5.31136388,10,0,0,60,1,0
6158a,55,183884,5.264543942,9,0,0,45,0,0
6173a,56,435022,5.638511221,10,0,0,50,0,1
6180a,58,177368,5.248875269,9,0,0,40,1,0
6218a,55,138594,5.141744429,9,0,1977,45,1,0
6221a,55,323706,5.510150749,10,0,1902,40,1,0
6223a,54,163815,5.214353666,14,0,0,60,0,0
6238a,55,189933,5.278600428,4,0,0,50,0,0
6249a,56,83196,4.920102446,9,0,0,50,0,0
6256a,53,152810,5.184151776,6,0,0,40,0,0
6271a,55,234327,5.369822332,10,0,0,40,0,0
6281a,53,320510,5.505841584,6,0,0,40,0,0
6282a,59,171355,5.233896781,16,0,0,40,1,0
6305a,58,194068,5.28795393,14,0,1977,50,1,0
6316a,54,44172,4.645147063,9,0,0,38,0,1
6331a,57,73411,4.86576114,10,0,0,40,1,0
6367a,59,216851,5.336161429,9,0,0,40,0,0
6370a,56,159724,5.203370178,10,0,0,40,1,0
6373a,57,174353,5.241429424,9,0,0,40,0,0
6383a,58,189933,5.278600428,10,0,0,65,1,0
6402a,55,147653,5.169242275,13,0,0,73,0,1
6408a,54,95329,4.979225037,10,0,0,50,0,0
6425a,58,121111,5.08318359,9,0,0,40,0,1
6435a,54,199307,5.299522552,10,0,0,48,0,1
6443a,55,334308,5.524146769,9,0,0,30,1,1
6456a,55,163083,5.212408692,14,0,0,40,1,0
6461a,59,426001,5.629410619,9,0,0,20,0,1
6470a,53,116367,5.065829838,10,4650,0,40,0,1
6473a,54,108933,5.037159464,9,0,0,35,0,0
6485a,54,51048,4.707978732,9,0,0,40,1,0
6486a,53,246562,5.391926144,3,0,0,40,1,0
6487a,57,215175,5.332791812,14,0,0,60,0,0
6510a,54,108960,5.037267095,7,0,0,40,0,0
6542a,55,177484,5.249159208,7,0,1672,40,0,0
6546a,53,157947,5.198511381,9,0,0,40,0,1
6557a,55,116878,5.067732771,16,15024,0,30,1,0
6569a,58,301867,5.479815639,9,0,0,40,0,0
6622a,56,70720,4.849542252,14,27828,0,60,1,0
6632a,57,182677,5.261683871,13,4508,0,40,0,0
6637a,54,152652,5.183702499,9,0,0,65,0,0
6645a,58,178644,5.251988434,9,0,0,40,0,0
6667a,58,87329,4.941158487,7,0,0,48,0,0
6698a,54,48358,4.684468331,9,0,0,40,1,0
6700a,55,204751,5.311226032,9,0,0,65,0,0
6701a,57,375868,5.575035353,14,0,0,40,0,0
6702a,56,413373,5.616342107,4,0,0,36,0,0
6717a,58,154537,5.189032477,9,0,0,20,1,1
6750a,54,149650,5.175076721,9,0,0,40,0,0
6752a,54,269068,5.429862051,15,99999,0,50,1,0
6762a,53,240138,5.380460889,9,0,0,60,0,0
6768a,57,176079,5.245707563,9,0,0,40,0,1
6774a,54,249860,5.397696736,7,0,0,10,0,1
6783a,59,163047,5.212312812,10,0,0,38,0,1
6805a,59,325732,5.512860426,9,0,1902,52,1,0
6811a,55,193568,5.286833563,9,0,0,40,0,1
6815a,55,308373,5.489076346,10,0,0,40,1,1
6818a,56,206399,5.314707589,9,0,0,40,0,0
6846a,58,213975,5.330363035,11,0,0,40,0,1
6865a,54,286989,5.457865251,1,0,0,60,0,0
6884a,57,250201,5.398289041,7,0,0,52,0,0
6887a,56,53366,4.727264652,4,0,0,40,0,0
6897a,59,93655,4.971530968,10,0,0,40,0,0
6904a,54,197184,5.294871672,13,0,0,38,0,0
6928a,55,109015,5.037486259,10,0,0,38,0,1
6935a,56,290641,5.463356879,13,0,0,50,1,0
6974a,54,124963,5.096781443,13,0,0,40,1,0
6975a,56,198388,5.297515399,9,0,0,40,0,1
6986a,55,175127,5.243353108,13,7688,0,38,1,0
6992a,57,174132,5.240878588,14,0,1977,40,1,1
6995a,58,217775,5.338008022,9,7298,0,40,1,0
7007a,56,176118,5.245803745,9,3103,0,40,1,0
7035a,58,306233,5.486051989,13,15024,0,40,1,0
7041a,56,444089,5.647470016,7,0,0,40,0,1
7048a,59,107287,5.030547102,6,0,2559,50,1,1
7049a,55,199067,5.298999272,7,0,0,32,0,0
7065a,56,233312,5.367937077,14,0,0,50,1,0
7067a,58,98361,4.992822935,9,0,0,50,0,0
7072a,56,274111,5.437926464,13,0,0,45,1,0
7074a,56,160932,5.206642409,9,0,0,44,1,0
7086a,55,227856,5.357660469,13,0,2415,50,1,0
7090a,53,182186,5.260515001,5,0,0,40,0,0
7101a,57,208311,5.318712204,13,0,0,80,1,0
7124a,58,314153,5.497141211,9,0,0,40,1,0
7126a,54,82551,4.916722339,11,0,0,10,0,1
7170a,54,94055,4.973381888,13,0,0,40,0,0
7180a,56,318329,5.502876205,9,0,0,40,0,0
7210a,53,299080,5.475787372,10,0,0,40,0,1
7219a,53,185846,5.269153218,9,0,0,40,0,0
7228a,53,167170,5.223158342,9,0,0,40,0,1
7235a,58,136982,5.136663503,9,0,0,40,0,1
7247a,54,197189,5.294882685,13,0,0,40,0,0
7282a,53,30290,4.481299273,9,0,0,40,0,1
7286a,54,93449,4.970574658,14,0,0,40,1,0
7295a,53,141388,5.150412551,9,0,0,40,1,0
7300a,59,109638,5.039961105,9,0,0,40,1,0
7325a,58,175127,5.243353108,9,0,0,40,0,0
7328a,53,104501,5.019120446,16,0,0,40,1,0
7364a,56,179625,5.254366781,6,0,0,32,0,1
7389a,59,193895,5.28756661,10,0,0,35,0,1
7404a,59,115414,5.062258493,10,0,0,40,1,0
7406a,55,354923,5.550134144,12,0,0,40,0,1
7414a,55,183810,5.264369135,14,0,0,55,1,0
7431a,56,219426,5.341288086,6,0,0,40,0,0
7453a,53,238481,5.377453784,11,0,1485,40,0,0
7461a,54,31533,4.498765291,14,7298,0,40,1,0
7466a,54,174102,5.24080376,10,0,0,40,1,0
7469a,54,155433,5.191543229,9,0,0,35,0,1
7483a,59,192983,5.285519053,9,0,0,40,0,1
7493a,53,123011,5.089943949,9,0,0,40,1,0
7506a,53,394474,5.596018384,12,0,0,40,0,1
7523a,54,174655,5.242181023,9,0,0,40,0,0
7529a,56,85018,4.929510884,9,0,0,40,0,1
7547a,54,169785,5.229899319,10,0,0,40,0,1
7606a,56,91262,4.960289982,9,0,0,45,0,0
7608a,55,84231,4.925471957,9,0,0,50,0,0
7649a,53,177727,5.24975341,9,0,0,40,1,0
7658a,57,61885,4.791585395,9,0,0,60,1,0
7670a,58,216824,5.336107352,9,0,0,30,0,0
7698a,53,290640,5.463355385,4,0,0,40,0,0
7699a,58,81973,4.913670829,10,0,1485,40,1,0
7702a,57,245193,5.389508067,14,0,0,60,1,0
7705a,56,392160,5.593463294,9,0,0,25,0,1
7711a,58,237879,5.376356104,13,0,0,58,0,0
7717a,58,222311,5.346960952,9,7688,0,55,1,0
7726a,53,30447,4.483544507,9,0,0,50,0,0
7727a,58,49893,4.698039618,10,0,0,45,0,0
7743a,56,371064,5.569448822,5,0,0,40,0,0
7747a,54,196975,5.294411109,9,0,0,45,0,0
7750a,56,155657,5.192168656,13,0,0,40,0,1
7764a,53,64322,4.80835954,4,0,0,40,0,0
7769a,53,188644,5.275642997,3,0,0,40,0,0
7773a,58,186991,5.271820704,9,0,0,40,0,0
7804a,55,127014,5.103851593,9,0,0,60,0,0
7808a,54,98051,4.991452027,10,0,0,54,1,0
7810a,53,192982,5.285516803,9,0,0,85,0,0
7817a,59,99248,4.996721764,10,0,0,40,0,0
7820a,58,140363,5.147252642,9,0,0,36,0,0
7827a,55,208640,5.319397574,9,0,0,30,1,0
7851a,57,140426,5.147447525,2,0,0,35,0,0
7856a,53,153486,5.186068768,10,0,0,50,0,0
7866a,59,116878,5.067732771,9,0,0,60,0,0
7889a,59,75867,4.880052911,14,0,0,60,0,0
7945a,54,123011,5.089943949,10,0,0,45,1,0
7952a,58,366324,5.563865373,10,0,0,30,0,1
7969a,58,289364,5.461444499,10,7688,0,45,1,0
7983a,55,175942,5.245369524,9,0,0,40,0,1
8037a,53,608184,5.784034991,13,0,1902,40,1,0
8053a,55,259532,5.414190914,4,0,0,50,0,0
8070a,57,300104,5.477271784,3,7298,0,84,1,0
8074a,54,194580,5.289098199,11,0,0,50,0,0
8085a,55,185459,5.268247914,14,0,0,50,1,0
8089a,54,148657,5.172185364,1,0,0,40,0,1
8092a,59,108496,5.035413727,14,0,0,45,1,0
8126a,53,35295,4.547713186,13,0,0,60,1,0
8129a,57,255109,5.40672578,9,0,0,45,0,1
8131a,59,238431,5.37736272,9,0,0,38,0,1
8158a,59,121912,5.086046456,10,0,0,40,1,0
8162a,57,182028,5.260138197,12,0,0,35,0,1
8168a,53,221722,5.345808787,14,14344,0,50,1,1
8181a,58,94741,4.976537964,8,0,0,24,0,1
8185a,59,197148,5.294792376,9,0,0,24,1,0
8208a,56,208415,5.318928973,9,0,0,40,0,0
8232a,57,210688,5.323639801,9,0,0,15,0,0
8275a,56,172071,5.235707683,9,0,0,40,0,1
8281a,55,37869,4.578283837,16,0,0,60,0,1
8286a,56,249368,5.396840722,9,0,0,70,0,0
8293a,57,220871,5.344138697,4,0,0,40,0,1
8306a,58,285885,5.456191369,5,0,0,40,0,1
8315a,54,123592,5.09199036,9,3887,0,35,0,1
8319a,53,68985,4.838754669,9,0,0,40,0,0
8321a,57,163047,5.212312812,9,0,0,38,0,1
8330a,54,169182,5.228354155,9,0,0,38,0,1
8331a,53,20438,4.310438395,10,0,0,15,0,1
8333a,58,316849,5.500852341,10,0,0,40,0,0
8336a,56,153451,5.185969723,10,0,0,35,0,1
8337a,59,96840,4.986054781,9,0,0,40,0,1
8368a,53,151580,5.180641903,10,15024,0,40,1,0
8371a,56,35723,4.552947924,4,0,0,50,1,0
8420a,56,199763,5.300515052,10,0,0,45,0,0
8452a,59,255822,5.40793789,9,0,0,60,0,0
8464a,58,318106,5.502571861,9,0,0,40,1,0
8509a,54,161334,5.207725902,14,0,0,40,0,1
8568a,57,46699,4.669307581,9,0,0,40,0,1
8578a,59,32537,4.512377507,9,0,0,40,1,0
8585a,53,200190,5.30144238,12,0,0,80,1,0
8610a,59,283635,5.452759821,14,0,0,40,0,1
8626a,57,218649,5.339747495,9,0,0,40,0,0
8630a,53,204584,5.310871666,14,0,0,40,0,1
8636a,57,120302,5.080272847,9,0,0,40,0,0
8684a,58,202652,5.306750894,9,0,0,37,0,1
8687a,59,157932,5.198470135,6,0,0,40,1,0
8688a,58,201344,5.303938692,13,0,0,20,0,1
8714a,55,113912,5.056569477,11,0,0,20,0,1
8730a,56,671292,5.826911472,9,0,0,38,1,0
8731a,53,31460,4.497758718,9,0,0,40,0,0
8761a,54,50385,4.702301263,13,0,0,45,1,1
8765a,53,29231,4.465843673,4,0,0,35,0,0
8777a,55,67433,4.828872481,9,0,0,60,0,0
8782a,55,229029,5.359890477,13,15024,0,48,1,0
8787a,57,217692,5.337842469,9,0,0,38,0,1
8790a,56,168625,5.226921963,9,4101,0,40,0,1
8793a,57,200453,5.30201256,9,15024,0,40,1,0
8794a,57,36990,4.568084331,9,0,0,52,0,0
8802a,58,163113,5.212488575,9,0,0,35,1,1
8825a,58,372181,5.570754198,9,0,0,40,1,1
8841a,53,118793,5.07479085,9,0,0,40,0,0
8842a,54,204325,5.310321508,10,0,0,52,0,0
8861a,56,95763,4.981197743,6,0,0,45,0,0
8867a,57,174760,5.242442036,12,0,0,40,0,0
8873a,53,205288,5.312363564,9,7688,0,35,1,1
8913a,57,173832,5.240129727,13,0,1902,40,1,0
8914a,55,129173,5.111171746,9,0,0,40,0,0
8936a,54,42924,4.632700186,10,0,0,50,0,0
8948a,56,247119,5.392906138,4,0,0,40,0,1
8949a,53,196278,5.292871624,10,0,0,40,0,1
8957a,57,192869,5.285262429,9,0,0,72,0,0
8961a,57,339163,5.530408468,10,0,0,40,0,1
8962a,59,124771,5.096113656,13,0,0,30,0,0
8973a,55,28151,4.449493827,9,0,0,40,1,1
8984a,53,194995,5.290023475,3,0,0,45,0,0
8999a,53,548361,5.73906656,9,0,0,40,0,0
9001a,58,266707,5.426034414,2,0,2179,18,0,0
9006a,58,322691,5.508786853,13,0,0,40,1,0
9017a,56,132026,5.120659466,13,7688,0,45,1,0
9020a,56,298695,5.475227953,4,0,0,48,0,0
9029a,57,24127,4.382503324,13,0,0,8,0,0
9050a,55,201112,5.303437985,9,0,0,40,0,1
9071a,58,197319,5.295168906,13,0,0,45,1,0
9074a,53,263729,5.421157888,10,0,0,40,0,1
9075a,54,39493,4.596520125,11,0,0,20,0,0
9085a,56,139616,5.144935191,13,0,0,45,1,0
9092a,59,232672,5.366744123,14,0,0,40,1,0
9094a,58,130454,5.1154574,10,0,0,50,1,0
9109a,54,242606,5.384901537,14,4386,0,45,1,0
9136a,57,303986,5.482853583,3,0,0,40,0,0
9144a,59,136413,5.13485576,4,0,0,48,0,0
9155a,53,123703,5.092380232,9,0,0,40,0,0
9157a,58,29928,4.476077695,10,0,0,36,0,1
9181a,54,329266,5.517546888,9,0,0,44,1,0
9207a,58,473836,5.675628053,4,0,0,45,0,1
9214a,58,400285,5.602369316,9,0,0,40,1,0
9221a,55,170169,5.230880447,9,0,0,40,0,1
9234a,53,68684,4.83685558,9,0,0,40,0,0
9255a,58,175873,5.245199172,10,0,0,40,1,0
9266a,59,181070,5.257846502,9,0,0,40,1,0
9267a,53,20676,4.315466523,9,0,0,48,0,0
9275a,59,357943,5.553813874,13,0,0,40,1,0
9286a,54,197975,5.296610352,3,0,0,51,0,0
9291a,59,191965,5.283222053,7,3908,0,28,0,1
9292a,54,96792,4.985839464,9,0,0,32,0,1
9348a,59,175689,5.244744571,10,0,0,14,1,1
9373a,58,281792,5.449928659,13,0,0,40,1,0
9378a,55,156089,5.193372298,10,0,0,40,0,1
9379a,53,193720,5.28717446,10,0,1977,40,1,0
9397a,54,234938,5.370953267,9,4064,0,55,0,0
9419a,54,99185,4.996445998,16,0,0,50,1,0
9426a,54,37237,4.570974685,13,0,0,40,1,0
9427a,58,417419,5.620572213,4,0,0,40,0,0
9434a,55,257216,5.41029798,14,0,0,40,0,1
9440a,58,222247,5.346835907,6,0,1887,40,1,0
9450a,55,172666,5.237206828,10,0,0,40,1,0
9459a,59,188041,5.274252552,9,0,0,40,0,0
9465a,55,205296,5.312380488,10,0,0,50,0,1
9521a,58,220789,5.343977432,13,0,0,45,0,0
9530a,58,147428,5.168579974,14,0,0,40,1,0
9562a,56,174533,5.241877554,13,0,0,45,1,1
9589a,53,233734,5.368721891,14,0,0,40,1,1
9593a,53,213378,5.32914964,9,0,0,33,0,1
9596a,58,239405,5.379133216,3,0,0,40,0,1
9603a,55,234125,5.36944779,9,0,0,40,0,0
9607a,58,195835,5.291890312,10,0,0,45,0,0
9613a,55,174478,5.241740674,6,0,0,29,0,0
9614a,55,282023,5.450284528,13,15024,0,50,1,0
9616a,53,251675,5.400840077,9,0,0,40,0,0
9624a,53,233780,5.368807354,11,2202,0,40,0,1
9639a,57,361324,5.557896809,6,0,0,40,0,0
9659a,57,121821,5.08572216,2,0,0,40,0,0
9684a,58,198145,5.296983118,13,0,0,35,1,0
9690a,56,125147,5.097420443,6,0,0,60,0,0
9704a,55,52267,4.718227573,14,0,0,18,0,0
9770a,57,298507,5.47495452,13,3103,0,40,1,0
9782a,58,51499,4.711798796,11,0,0,40,0,0
9792a,55,249072,5.396324908,9,0,0,60,0,0
9808a,59,329059,5.517273774,13,0,0,50,0,0
9837a,56,54260,4.734479789,16,2885,0,40,0,0
9840a,55,223613,5.349497048,2,0,0,30,0,1
9849a,59,221336,5.345052057,6,0,0,40,0,1
9853a,53,145409,5.162591288,9,0,0,40,1,0
9863a,56,143931,5.158154343,13,0,0,40,0,1
9875a,55,209569,5.321327041,9,0,0,50,1,1
9878a,58,150560,5.177709606,13,14084,0,40,1,1
9882a,53,117814,5.071196901,10,0,0,38,0,1
9891a,59,271571,5.433883391,10,15024,0,50,1,0
9911a,53,191025,5.281090208,10,0,0,43,0,1
9992a,55,337599,5.528401152,10,0,0,40,0,0
10003a,54,257337,5.410502234,10,0,0,40,1,0
10009a,53,46155,4.664218755,9,0,0,40,0,1
10011a,56,231781,5.365077832,9,0,0,40,1,0
10068a,56,146660,5.166311681,9,0,0,60,0,0
10078a,58,225603,5.35334487,5,0,0,40,0,0
10080a,57,278228,5.444400834,13,0,0,50,1,0
10110a,56,275236,5.439705238,13,0,0,40,0,0
10134a,57,94429,4.975105391,9,0,0,40,0,0
10151a,58,210673,5.32360888,10,0,0,40,1,1
10156a,59,159008,5.201418975,12,7298,0,20,1,0
10160a,54,98535,4.993590521,13,0,0,40,1,0
10167a,55,136819,5.136146412,9,0,0,40,0,0
10187a,56,295067,5.469920641,13,14084,0,45,1,0
10193a,59,453067,5.656162431,10,0,0,36,1,0
10204a,55,124137,5.093901246,10,0,0,40,1,0
10220a,54,135803,5.132909364,13,15024,0,60,1,0
10246a,54,38795,4.588775756,5,0,0,40,0,0
10247a,55,90414,4.956235683,13,0,0,55,0,1
10253a,59,230039,5.361801471,9,0,625,38,0,1
10277a,55,202559,5.306551544,13,0,0,35,0,0
10284a,55,171355,5.233896781,11,0,0,20,0,0
10291a,54,421561,5.624860426,14,0,0,45,1,0
10292a,59,245196,5.389513381,6,0,0,40,1,0
10311a,59,157305,5.196742527,1,0,0,40,0,0
10338a,54,311020,5.492788317,9,0,0,50,0,0
10395a,56,285730,5.455955841,14,0,0,66,0,0
10402a,56,365050,5.562352353,4,0,0,20,0,1
10418a,54,172962,5.237950698,9,0,0,40,0,0
10423a,59,200700,5.302547372,12,0,0,40,0,0
10424a,59,41258,4.615508172,13,0,0,50,0,0
10461a,58,210031,5.3222834,9,0,0,40,0,0
10477a,56,157749,5.197966615,10,0,0,60,1,0
10481a,56,305767,5.485390612,9,0,0,40,0,0
10484a,53,102828,5.012111389,9,0,0,35,1,0
10500a,56,162130,5.209863383,3,0,1887,67,1,0
10519a,54,163826,5.214382828,9,0,0,40,0,0
10523a,56,196307,5.292935786,13,0,0,20,0,0
10529a,55,102058,5.008847053,13,0,0,50,1,0
10533a,54,101890,5.008131562,9,0,0,40,0,1
10579a,57,124137,5.093901246,10,0,0,40,0,0
10613a,57,199114,5.299101797,13,0,2258,40,0,0
10619a,53,311350,5.49324887,13,0,0,50,1,0
10635a,54,121761,5.085508206,9,0,0,50,0,0
10659a,57,112840,5.052463077,10,0,0,50,1,0
10662a,59,122283,5.087366085,15,99999,0,40,1,0
10673a,57,57071,4.756415482,10,3137,0,40,0,0
10682a,57,334585,5.524506467,6,0,0,40,0,1
10689a,58,21626,4.334976199,11,2202,0,56,0,0
10692a,53,266598,5.425856887,9,0,0,40,1,0
10696a,54,21698,4.336419705,13,0,0,40,0,1
10717a,57,180920,5.257486579,9,0,0,40,1,0
10728a,55,208311,5.318712204,14,0,1977,20,1,0
10738a,55,185436,5.268194051,10,0,0,70,1,0
10741a,56,370045,5.56825454,13,0,0,40,1,0
10777a,54,146574,5.16605694,9,0,0,40,1,0
10778a,53,88725,4.948046008,9,0,0,40,0,1
10781a,55,212448,5.327252647,9,0,0,40,0,1
10782a,58,203039,5.307579466,5,0,0,40,0,0
10802a,58,349910,5.543956354,9,7688,0,40,1,0
10808a,54,111469,5.047154105,10,0,0,40,0,1
10865a,57,214061,5.33053755,9,0,0,40,0,1
10875a,53,233369,5.368043165,10,0,0,40,0,1
10877a,59,195176,5.290426413,13,0,0,72,0,0
10916a,56,172364,5.236446564,9,0,0,40,0,0
10920a,53,43952,4.642978642,14,15024,0,38,1,0
10928a,54,114520,5.058881339,10,0,0,40,0,0
10931a,59,186385,5.270410958,6,0,0,40,0,0
10936a,58,190997,5.281026546,10,0,0,40,1,0
10942a,53,146378,5.165475809,3,0,0,40,0,0
10959a,56,196307,5.292935786,16,0,0,40,1,0
10965a,56,205601,5.313025223,16,99999,0,70,1,0
10972a,58,373344,5.572109176,2,0,0,40,0,0
10981a,54,145714,5.16350128,9,7688,0,25,1,0
11017a,53,102615,5.011210849,7,0,0,40,0,0
11018a,54,139703,5.145205732,10,3103,0,40,1,0
11040a,55,487411,5.687895326,14,0,0,40,1,0
11050a,55,381965,5.58202357,13,0,0,40,0,0
11061a,58,368797,5.56678738,14,0,0,35,1,0
11072a,58,430005,5.633473505,6,0,0,50,1,0
11075a,53,92430,4.965812953,9,0,0,40,1,0
11091a,57,426263,5.629677637,14,0,0,40,1,0
11094a,55,124808,5.096242424,11,0,1977,50,1,0
11114a,55,220262,5.342939578,9,0,0,40,0,1
11115a,55,35340,4.548266545,10,0,0,50,0,0
11173a,57,133126,5.124262883,10,0,0,40,0,1
11190a,59,46466,4.667135288,9,0,0,40,1,0
11207a,54,439608,5.643065587,10,0,0,40,0,1
11228a,58,165695,5.219309403,9,0,0,70,0,0
11246a,53,96062,4.982551624,13,0,1902,48,1,0
11261a,54,225599,5.35333717,14,7298,0,40,1,0
11265a,57,191983,5.283262774,10,0,0,50,0,0
11279a,58,102509,5.010761997,6,0,0,50,0,0
11281a,59,241297,5.382551922,10,6849,0,40,0,1
11309a,55,84564,4.927185518,15,0,0,39,0,1
11323a,58,69579,4.842478183,10,0,0,20,0,1
11335a,59,188070,5.274319525,14,0,0,35,1,0
11353a,53,251675,5.400840077,10,8614,0,50,1,0
11359a,58,123329,5.09106521,9,0,0,16,0,1
11361a,53,188644,5.275642997,1,0,0,40,0,0
11382a,56,175057,5.243179482,13,0,0,40,0,0
11392a,58,147653,5.169242275,10,0,0,36,0,1
11394a,59,114401,5.058429821,9,0,1504,19,0,1
11432a,59,172071,5.235707683,9,0,0,38,0,1
11436a,56,155238,5.190998039,9,0,0,40,1,0
11447a,54,117674,5.070680516,10,0,0,40,0,0
11462a,53,548580,5.73923997,10,0,0,40,0,0
11469a,56,238582,5.377637675,10,0,0,41,1,0
11475a,54,156877,5.195559276,9,0,0,20,0,0
11488a,54,187686,5.273431879,10,0,0,38,0,1
11562a,57,290661,5.463386763,16,0,0,60,1,0
11568a,56,301835,5.479769598,3,0,0,40,0,0
11570a,55,130957,5.117128718,9,0,0,45,0,0
11582a,56,208431,5.318962312,10,0,0,32,0,1
11585a,53,171924,5.235336507,13,14344,0,55,1,0
11590a,54,147863,5.169859513,11,5013,0,40,0,0
11614a,59,268840,5.429493887,10,0,0,16,1,1
11616a,59,91384,4.960870164,16,0,0,60,1,0
11622a,58,347692,5.541194698,7,0,0,15,0,0
11633a,57,161097,5.207087453,9,0,0,26,0,1
11660a,59,147989,5.170229436,9,0,0,40,0,0
11683a,56,100776,5.003357116,9,0,0,50,0,1
11698a,55,213894,5.330198602,7,0,0,40,0,1
11751a,58,100960,5.004149342,9,0,0,50,0,0
11753a,54,326156,5.513425372,10,0,0,40,1,0
11759a,57,161662,5.208607947,13,7688,0,60,1,0
11760a,56,367200,5.564902673,9,0,0,40,0,0
11778a,55,200497,5.302107879,14,0,0,45,1,0
11791a,53,302847,5.481223276,9,0,0,35,0,0
11794a,54,133963,5.126984865,9,0,0,40,0,1
11799a,59,223215,5.348723376,13,0,1977,50,1,0
11827a,59,398626,5.600565622,16,25236,0,45,1,0
11841a,54,138026,5.139960902,9,0,0,40,0,1
11858a,57,222247,5.346835907,8,0,0,40,1,0
11877a,53,22418,4.350596865,9,0,0,40,0,0
11882a,56,53366,4.727264652,9,0,0,40,0,0
11891a,58,229498,5.360778905,10,0,0,20,1,1
11905a,57,437727,5.641203336,14,0,1977,45,1,0
11908a,54,146834,5.16682663,9,0,0,45,0,0
11915a,57,223214,5.34872143,9,0,0,50,0,0
11925a,55,258648,5.412709125,6,0,0,40,0,0
11940a,54,32778,4.515582451,9,0,0,40,0,1
11942a,58,78104,4.892673276,9,0,0,45,0,0
11960a,59,261232,5.417026375,7,0,0,40,0,0
11965a,58,329793,5.518241433,13,0,0,45,1,0
11967a,55,83401,4.921171258,3,0,0,40,0,1
11975a,53,104461,5.018954179,13,8614,0,50,1,0
12014a,55,144084,5.158615757,6,0,0,40,0,0
12027a,56,195668,5.291519806,6,0,0,35,1,0
12032a,53,139671,5.145106243,13,0,1902,40,1,0
12051a,54,188136,5.274471906,13,0,1408,38,0,1
12055a,53,176557,5.246884941,14,0,0,50,0,1
12056a,55,71630,4.855094951,9,0,1617,40,0,1
12068a,55,124137,5.093901246,9,0,0,40,0,0
12084a,56,314727,5.497934002,9,0,0,35,1,0
12101a,55,141549,5.150906806,9,0,0,40,0,0
12104a,54,365049,5.562351163,10,0,0,40,0,1
12119a,56,205735,5.313308181,2,0,0,40,0,0
12120a,54,58898,4.770100548,10,0,1579,48,0,0
12131a,55,449576,5.652803119,3,0,0,48,0,0
12135a,53,77651,4.890147053,9,0,0,40,0,0
12143a,55,190508,5.279913218,10,0,0,35,0,0
12156a,53,122109,5.086747675,9,0,1876,38,0,1
12167a,53,49715,4.696487444,9,0,0,40,0,0
12174a,55,99131,4.996209487,9,0,2246,40,1,1
12183a,57,99364,4.997229066,5,0,0,40,0,0
